--> 01 - CADASTROS BÁSICOS
INSERT INTO CAD_Pessoa VALUES ('P001','J','11111111000101','Fornecedor Alpha','alpha@forn.com','11999990001','Rua A');
INSERT INTO CAD_Pessoa VALUES ('P002','J','22222222000102','Fornecedor Beta','beta@forn.com','11999990002','Rua B');
INSERT INTO CAD_Pessoa VALUES ('P003','F','33333333333','Cliente João','joao@cli.com','11999990003','Rua C');
INSERT INTO CAD_Pessoa VALUES ('P004','F','44444444444','Cliente Maria','maria@cli.com','11999990004','Rua D');
INSERT INTO CAD_Pessoa VALUES ('P005','F','55555555555','Vendedor Carlos','carlos@vend.com','11999990005','Rua E');

INSERT INTO CAD_Fornecedor VALUES ('F001','P001',0);
INSERT INTO CAD_Fornecedor VALUES ('F002','P002',0);

INSERT INTO CAD_Cliente VALUES ('C001','P003',0);
INSERT INTO CAD_Cliente VALUES ('C002','P004',0);

INSERT INTO CAD_Vendedor VALUES ('V001','P005',0);


--> 02 - PRODUTOS E ESTOQUE
INSERT INTO CAD_Produto VALUES ('PR001','Teclado',50,90);
INSERT INTO CAD_Produto VALUES ('PR002','Mouse',30,60);
INSERT INTO CAD_Produto VALUES ('PR003','Monitor',400,650);
INSERT INTO CAD_Produto VALUES ('PR004','Notebook',2500,3200);
INSERT INTO CAD_Produto VALUES ('PR005','Headset',80,150);

INSERT INTO EST_Local VALUES ('L001','Depósito Central');

INSERT INTO EST_Produto VALUES ('E001','L001','PR001',100,0);
INSERT INTO EST_Produto VALUES ('E002','L001','PR002',100,0);
INSERT INTO EST_Produto VALUES ('E003','L001','PR003',50,0);
INSERT INTO EST_Produto VALUES ('E004','L001','PR004',20,0);
INSERT INTO EST_Produto VALUES ('E005','L001','PR005',80,0);


--> 03 - COMPRAS
INSERT INTO COM_Pedido VALUES ('PC001','F001',TO_DATE('20260401','YYYYMMDD'),5000,'BOLET',3);
INSERT INTO COM_Pedido VALUES ('PC002','F001',TO_DATE('20260402','YYYYMMDD'),4200,'BOLET',2);
INSERT INTO COM_Pedido VALUES ('PC003','F002',TO_DATE('20260403','YYYYMMDD'),8000,'PIX',4);
INSERT INTO COM_Pedido VALUES ('PC004','F002',TO_DATE('20260404','YYYYMMDD'),6000,'BOLET',3);
INSERT INTO COM_Pedido VALUES ('PC005','F001',TO_DATE('20260405','YYYYMMDD'),3000,'PIX',1);

INSERT INTO COM_Item_Pedido VALUES ('IC001','PC001','PR001',50,50,TO_DATE('20260410','YYYYMMDD'));
INSERT INTO COM_Item_Pedido VALUES ('IC002','PC001','PR002',40,30,TO_DATE('20260410','YYYYMMDD'));
INSERT INTO COM_Item_Pedido VALUES ('IC003','PC001','PR005',30,80,TO_DATE('20260410','YYYYMMDD'));

INSERT INTO COM_Item_Pedido VALUES ('IC004','PC002','PR003',5,400,TO_DATE('20260412','YYYYMMDD'));
INSERT INTO COM_Item_Pedido VALUES ('IC005','PC002','PR001',20,50,TO_DATE('20260412','YYYYMMDD'));
INSERT INTO COM_Item_Pedido VALUES ('IC006','PC002','PR002',20,30,TO_DATE('20260412','YYYYMMDD'));

INSERT INTO COM_Item_Pedido VALUES ('IC007','PC003','PR004',3,2500,TO_DATE('20260415','YYYYMMDD'));
INSERT INTO COM_Item_Pedido VALUES ('IC008','PC003','PR003',5,400,TO_DATE('20260415','YYYYMMDD'));
INSERT INTO COM_Item_Pedido VALUES ('IC009','PC003','PR005',10,80,TO_DATE('20260415','YYYYMMDD'));

INSERT INTO COM_Item_Pedido VALUES ('IC010','PC004','PR001',30,50,TO_DATE('20260418','YYYYMMDD'));
INSERT INTO COM_Item_Pedido VALUES ('IC011','PC004','PR002',30,30,TO_DATE('20260418','YYYYMMDD'));
INSERT INTO COM_Item_Pedido VALUES ('IC012','PC004','PR005',20,80,TO_DATE('20260418','YYYYMMDD'));

INSERT INTO COM_Item_Pedido VALUES ('IC013','PC005','PR003',4,400,TO_DATE('20260420','YYYYMMDD'));
INSERT INTO COM_Item_Pedido VALUES ('IC014','PC005','PR002',10,30,TO_DATE('20260420','YYYYMMDD'));
INSERT INTO COM_Item_Pedido VALUES ('IC015','PC005','PR001',10,50,TO_DATE('20260420','YYYYMMDD'));


--> 04 - NOTA FISCAL DE ENTRADA
INSERT INTO NFE_Cabecalho VALUES ('NFE01',1001,'1',TO_DATE('20260406','YYYYMMDD'), TO_DATE('20260506','YYYYMMDD'),5000,'CHAVE-NFE-01');

INSERT INTO NFE_Item VALUES ('NEI01','NFE01','IC001','PR001',50,2500);
INSERT INTO NFE_Item VALUES ('NEI02','NFE01','IC002','PR002',40,1200);
INSERT INTO NFE_Item VALUES ('NEI03','NFE01','IC003','PR005',30,2400);


--> 05 - VENDAS
INSERT INTO VEN_Pedido VALUES ('PV001','C001','V001',TO_DATE('20260407','YYYYMMDD'),1800,'CRED',2);
INSERT INTO VEN_Pedido VALUES ('PV002','C001','V001',TO_DATE('20260408','YYYYMMDD'),2600,'PIX',1);
INSERT INTO VEN_Pedido VALUES ('PV003','C002','V001',TO_DATE('20260409','YYYYMMDD'),1200,'DEBIT',2);
INSERT INTO VEN_Pedido VALUES ('PV004','C002','V001',TO_DATE('20260410','YYYYMMDD'),3400,'CRED',3);
INSERT INTO VEN_Pedido VALUES ('PV005','C001','V001',TO_DATE('20260411','YYYYMMDD'),900,'PIX',1);

INSERT INTO VEN_Item_Pedido VALUES ('IV001','PV001','PR001',2,90);
INSERT INTO VEN_Item_Pedido VALUES ('IV002','PV001','PR002',3,60);
INSERT INTO VEN_Item_Pedido VALUES ('IV003','PV001','PR005',2,150);

INSERT INTO VEN_Item_Pedido VALUES ('IV004','PV002','PR003',2,650);
INSERT INTO VEN_Item_Pedido VALUES ('IV005','PV002','PR002',2,60);
INSERT INTO VEN_Item_Pedido VALUES ('IV006','PV002','PR001',2,90);

INSERT INTO VEN_Item_Pedido VALUES ('IV007','PV003','PR001',3,90);
INSERT INTO VEN_Item_Pedido VALUES ('IV008','PV003','PR002',2,60);
INSERT INTO VEN_Item_Pedido VALUES ('IV009','PV003','PR005',1,150);

INSERT INTO VEN_Item_Pedido VALUES ('IV010','PV004','PR004',1,3200);
INSERT INTO VEN_Item_Pedido VALUES ('IV011','PV004','PR001',2,90);
INSERT INTO VEN_Item_Pedido VALUES ('IV012','PV004','PR002',2,60);

INSERT INTO VEN_Item_Pedido VALUES ('IV013','PV005','PR002',3,60);
INSERT INTO VEN_Item_Pedido VALUES ('IV014','PV005','PR001',2,90);
INSERT INTO VEN_Item_Pedido VALUES ('IV015','PV005','PR005',1,150);


--> 06 - NOTA FISCAL DE SAÍDA
INSERT INTO NFS_Cabecalho VALUES ('NFS01',2001,'1',TO_DATE('20260412','YYYYMMDD'), TO_DATE('20260512','YYYYMMDD'),1800,'CHAVE-NFS-01');

INSERT INTO NFS_Item VALUES ('NSI01','NFS01','IV001','PR001',2,180);
INSERT INTO NFS_Item VALUES ('NSI02','NFS01','IV002','PR002',3,180);
INSERT INTO NFS_Item VALUES ('NSI03','NFS01','IV003','PR005',2,300);
