--> 1. CADASTRO DE PESSOAS
INSERT INTO CAD_Pessoa VALUES ('P001','J','12345678000101','Fornecedor Alpha','alpha@forn.com','11999990001','Rua A, 100');
INSERT INTO CAD_Pessoa VALUES ('P002','J','12345678000102','Fornecedor Beta','beta@forn.com','11999990002','Rua B, 200');
INSERT INTO CAD_Pessoa VALUES ('P003','F','11122233344','Carlos Cliente','carlos@cli.com','11988887777','Rua C, 300');
INSERT INTO CAD_Pessoa VALUES ('P004','F','22233344455','Ana Cliente','ana@cli.com','11977776666','Rua D, 400');
INSERT INTO CAD_Pessoa VALUES ('P005','F','33344455566','João Vendedor','joao@vend.com','11966665555','Rua E, 500');


--> 2. FORNECEDORES, CLIENTES E VENDEDORES
INSERT INTO CAD_Fornecedor VALUES ('F001','P001',5000);
INSERT INTO CAD_Fornecedor VALUES ('F002','P002',3000);

INSERT INTO CAD_Cliente VALUES ('C001','P003',0);
INSERT INTO CAD_Cliente VALUES ('C002','P004',0);

INSERT INTO CAD_Vendedor VALUES ('V001','P005',0);


--> 3. PRODUTOS
INSERT INTO CAD_Produto VALUES ('PR001','Teclado',80,120);
INSERT INTO CAD_Produto VALUES ('PR002','Mouse',40,70);
INSERT INTO CAD_Produto VALUES ('PR003','Monitor',600,850);
INSERT INTO CAD_Produto VALUES ('PR004','Notebook',2500,3400);
INSERT INTO CAD_Produto VALUES ('PR005','Headset',150,220);
INSERT INTO CAD_Produto VALUES ('PR006','Webcam',200,300);


--> 4. LOCAIS E ESTOQUE
INSERT INTO EST_Local VALUES ('L001','Estoque Central');

INSERT INTO EST_Produto VALUES ('E001','L001','PR001',100,10);
INSERT INTO EST_Produto VALUES ('E002','L001','PR002',150,15);
INSERT INTO EST_Produto VALUES ('E003','L001','PR003',50,5);
INSERT INTO EST_Produto VALUES ('E004','L001','PR004',20,2);
INSERT INTO EST_Produto VALUES ('E005','L001','PR005',80,8);
INSERT INTO EST_Produto VALUES ('E006','L001','PR006',60,6);


--> 5. PEDIDOS DE COMPRA
INSERT INTO COM_Pedido VALUES ('PC001','F001',TO_DATE('20260301','YYYYMMDD'),3200,'BOLETO',3);
INSERT INTO COM_Pedido VALUES ('PC002','F001',TO_DATE('20260305','YYYYMMDD'),1800,'PIX',1);
INSERT INTO COM_Pedido VALUES ('PC003','F002',TO_DATE('20260310','YYYYMMDD'),4500,'BOLETO',4);
INSERT INTO COM_Pedido VALUES ('PC004','F002',TO_DATE('20260315','YYYYMMDD'),2600,'CRED',2);
INSERT INTO COM_Pedido VALUES ('PC005','F001',TO_DATE('20260320','YYYYMMDD'),3900,'BOLETO',3);


--> 6. ITENS DE COMPRA (2 a 6 por pedido)
INSERT INTO COM_Item_Pedido VALUES ('IC001','PC001','PR001',10,80,TO_DATE('20260310','YYYYMMDD'));
INSERT INTO COM_Item_Pedido VALUES ('IC002','PC001','PR002',20,40,TO_DATE('20260310','YYYYMMDD'));
INSERT INTO COM_Item_Pedido VALUES ('IC003','PC001','PR005',8,150,TO_DATE('20260310','YYYYMMDD'));

INSERT INTO COM_Item_Pedido VALUES ('IC004','PC002','PR003',2,600,TO_DATE('20260312','YYYYMMDD'));
INSERT INTO COM_Item_Pedido VALUES ('IC005','PC002','PR006',3,200,TO_DATE('20260312','YYYYMMDD'));

INSERT INTO COM_Item_Pedido VALUES ('IC006','PC003','PR004',1,2500,TO_DATE('20260318','YYYYMMDD'));
INSERT INTO COM_Item_Pedido VALUES ('IC007','PC003','PR003',3,600,TO_DATE('20260318','YYYYMMDD'));
INSERT INTO COM_Item_Pedido VALUES ('IC008','PC003','PR002',10,40,TO_DATE('20260318','YYYYMMDD'));

INSERT INTO COM_Item_Pedido VALUES ('IC009','PC004','PR001',15,80,TO_DATE('20260322','YYYYMMDD'));
INSERT INTO COM_Item_Pedido VALUES ('IC010','PC004','PR005',5,150,TO_DATE('20260322','YYYYMMDD'));

INSERT INTO COM_Item_Pedido VALUES ('IC011','PC005','PR006',6,200,TO_DATE('20260325','YYYYMMDD'));
INSERT INTO COM_Item_Pedido VALUES ('IC012','PC005','PR003',2,600,TO_DATE('20260325','YYYYMMDD'));
INSERT INTO COM_Item_Pedido VALUES ('IC013','PC005','PR002',10,40,TO_DATE('20260325','YYYYMMDD'));


--> 7. NOTAS FISCAIS DE ENTRADA
INSERT INTO NFE_Cabecalho VALUES ('NE001',101,'1',TO_DATE('20260311','YYYYMMDD'),TO_DATE('20260410','YYYYMMDD'),3200,'CHAVE001');
INSERT INTO NFE_Cabecalho VALUES ('NE002',102,'1',TO_DATE('20260312','YYYYMMDD'),TO_DATE('20260412','YYYYMMDD'),1800,'CHAVE002');
INSERT INTO NFE_Cabecalho VALUES ('NE003',103,'1',TO_DATE('20260318','YYYYMMDD'),TO_DATE('20260418','YYYYMMDD'),4500,'CHAVE003');
INSERT INTO NFE_Cabecalho VALUES ('NE004',104,'1',TO_DATE('20260322','YYYYMMDD'),TO_DATE('20260422','YYYYMMDD'),2600,'CHAVE004');
INSERT INTO NFE_Cabecalho VALUES ('NE005',105,'1',TO_DATE('20260325','YYYYMMDD'),TO_DATE('20260425','YYYYMMDD'),3900,'CHAVE005');


--> 8. ITENS NF ENTRADA
INSERT INTO NFE_Item VALUES ('NI001','NE001','IC001','PR001',10,800);
INSERT INTO NFE_Item VALUES ('NI002','NE001','IC002','PR002',20,800);
INSERT INTO NFE_Item VALUES ('NI003','NE001','IC003','PR005',8,1200);

INSERT INTO NFE_Item VALUES ('NI004','NE002','IC004','PR003',2,1200);
INSERT INTO NFE_Item VALUES ('NI005','NE002','IC005','PR006',3,600);

INSERT INTO NFE_Item VALUES ('NI006','NE003','IC006','PR004',1,2500);
INSERT INTO NFE_Item VALUES ('NI007','NE003','IC007','PR003',3,1800);
INSERT INTO NFE_Item VALUES ('NI008','NE003','IC008','PR002',10,400);

INSERT INTO NFE_Item VALUES ('NI009','NE004','IC009','PR001',15,1200);
INSERT INTO NFE_Item VALUES ('NI010','NE004','IC010','PR005',5,750);

INSERT INTO NFE_Item VALUES ('NI011','NE005','IC011','PR006',6,1200);
INSERT INTO NFE_Item VALUES ('NI012','NE005','IC012','PR003',2,1200);
INSERT INTO NFE_Item VALUES ('NI013','NE005','IC013','PR002',10,400);


--> 9. FINANCEIRO – TÍTULOS A PAGAR
INSERT INTO FIN_Titulo_Pg VALUES ('TP001','NE001','1',1066.67,TO_DATE('20260410','YYYYMMDD'),1066.67);
INSERT INTO FIN_Titulo_Pg VALUES ('TP002','NE001','2',1066.67,TO_DATE('20260510','YYYYMMDD'),1066.67);
INSERT INTO FIN_Titulo_Pg VALUES ('TP003','NE001','3',1066.66,TO_DATE('20260610','YYYYMMDD'),1066.66);

INSERT INTO FIN_Titulo_Pg VALUES ('TP004','NE002','1',1800,TO_DATE('20260412','YYYYMMDD'),0);
INSERT INTO FIN_Titulo_Pg VALUES ('TP005','NE003','1',1125,TO_DATE('20260418','YYYYMMDD'),1125);
INSERT INTO FIN_Titulo_Pg VALUES ('TP006','NE003','2',1125,TO_DATE('20260518','YYYYMMDD'),1125);
INSERT INTO FIN_Titulo_Pg VALUES ('TP007','NE003','3',1125,TO_DATE('20260618','YYYYMMDD'),1125);
INSERT INTO FIN_Titulo_Pg VALUES ('TP008','NE003','4',1125,TO_DATE('20260718','YYYYMMDD'),1125);


--> 10. BAIXAS DE PAGAMENTO
INSERT INTO FIN_Baixa VALUES ('BX001','TP004',NULL,TO_DATE('20260410','YYYYMMDD'),1800,'PG','Pagamento à vista');
INSERT INTO FIN_Baixa VALUES ('BX002','TP001',NULL,TO_DATE('20260410','YYYYMMDD'),1066.67,'PG','1ª parcela paga');


--> 11. PEDIDOS DE VENDA
INSERT INTO VEN_Pedido VALUES ('PV001','C001','V001',TO_DATE('20260305','YYYYMMDD'),1800,'CRED',2);
INSERT INTO VEN_Pedido VALUES ('PV002','C002','V001',TO_DATE('20260307','YYYYMMDD'),950,'PIX',1);
INSERT INTO VEN_Pedido VALUES ('PV003','C001','V001',TO_DATE('20260310','YYYYMMDD'),3400,'BOLETO',3);
INSERT INTO VEN_Pedido VALUES ('PV004','C002','V001',TO_DATE('20260312','YYYYMMDD'),620,'CRED',2);
INSERT INTO VEN_Pedido VALUES ('PV005','C001','V001',TO_DATE('20260315','YYYYMMDD'),2100,'BOLETO',3);


--> 12. ITENS DE VENDA (2 a 6 POR PEDIDO)
INSERT INTO VEN_Item_Pedido VALUES ('IV001','PV001','PR001',5,120);
INSERT INTO VEN_Item_Pedido VALUES ('IV002','PV001','PR002',6,70);

INSERT INTO VEN_Item_Pedido VALUES ('IV003','PV002','PR005',2,220);
INSERT INTO VEN_Item_Pedido VALUES ('IV004','PV002','PR006',1,300);

INSERT INTO VEN_Item_Pedido VALUES ('IV005','PV003','PR004',1,3400);

INSERT INTO VEN_Item_Pedido VALUES ('IV006','PV004','PR001',3,120);
INSERT INTO VEN_Item_Pedido VALUES ('IV007','PV004','PR002',4,70);

INSERT INTO VEN_Item_Pedido VALUES ('IV008','PV005','PR003',2,850);
INSERT INTO VEN_Item_Pedido VALUES ('IV009','PV005','PR005',3,220);


--> 13. NOTAS FISCAIS DE SAÍDA
INSERT INTO NFS_Cabecalho VALUES ('NS001',201,'1',TO_DATE('20260306','YYYYMMDD'),TO_DATE('20260406','YYYYMMDD'),1800,'CHAVESAIDA001');
INSERT INTO NFS_Cabecalho VALUES ('NS002',202,'1',TO_DATE('20260307','YYYYMMDD'),TO_DATE('20260407','YYYYMMDD'),950,'CHAVESAIDA002');
INSERT INTO NFS_Cabecalho VALUES ('NS003',203,'1',TO_DATE('20260311','YYYYMMDD'),TO_DATE('20260411','YYYYMMDD'),3400,'CHAVESAIDA003');
INSERT INTO NFS_Cabecalho VALUES ('NS004',204,'1',TO_DATE('20260313','YYYYMMDD'),TO_DATE('20260413','YYYYMMDD'),620,'CHAVESAIDA004');
INSERT INTO NFS_Cabecalho VALUES ('NS005',205,'1',TO_DATE('20260316','YYYYMMDD'),TO_DATE('20260416','YYYYMMDD'),2100,'CHAVESAIDA005');


--> 14. ITENS NF SAÍDA
INSERT INTO NFS_Item VALUES ('NI201','NS001','IV001','PR001',5,600);
INSERT INTO NFS_Item VALUES ('NI202','NS001','IV002','PR002',6,420);

INSERT INTO NFS_Item VALUES ('NI203','NS002','IV003','PR005',2,440);
INSERT INTO NFS_Item VALUES ('NI204','NS002','IV004','PR006',1,300);

INSERT INTO NFS_Item VALUES ('NI205','NS003','IV005','PR004',1,3400);

INSERT INTO NFS_Item VALUES ('NI206','NS004','IV006','PR001',3,360);
INSERT INTO NFS_Item VALUES ('NI207','NS004','IV007','PR002',4,280);

INSERT INTO NFS_Item VALUES ('NI208','NS005','IV008','PR003',2,1700);
INSERT INTO NFS_Item VALUES ('NI209','NS005','IV009','PR005',3,660);


--> 15. FINANCEIRO – TÍTULOS A RECEBER
INSERT INTO FIN_Titulo_Rec VALUES ('TR001','NS001','1',900,TO_DATE('20260406','YYYYMMDD'),900);
INSERT INTO FIN_Titulo_Rec VALUES ('TR002','NS001','2',900,TO_DATE('20260506','YYYYMMDD'),900);

INSERT INTO FIN_Titulo_Rec VALUES ('TR003','NS002','1',950,TO_DATE('20260407','YYYYMMDD'),0);

INSERT INTO FIN_Titulo_Rec VALUES ('TR004','NS003','1',1133.33,TO_DATE('20260411','YYYYMMDD'),1133.33);
INSERT INTO FIN_Titulo_Rec VALUES ('TR005','NS003','2',1133.33,TO_DATE('20260511','YYYYMMDD'),1133.33);
INSERT INTO FIN_Titulo_Rec VALUES ('TR006','NS003','3',1133.34,TO_DATE('20260611','YYYYMMDD'),1133.34);

INSERT INTO FIN_Titulo_Rec VALUES ('TR007','NS004','1',310,TO_DATE('20260413','YYYYMMDD'),310);
INSERT INTO FIN_Titulo_Rec VALUES ('TR008','NS004','2',310,TO_DATE('20260513','YYYYMMDD'),310);

INSERT INTO FIN_Titulo_Rec VALUES ('TR009','NS005','1',700,TO_DATE('20260416','YYYYMMDD'),700);
INSERT INTO FIN_Titulo_Rec VALUES ('TR010','NS005','2',700,TO_DATE('20260516','YYYYMMDD'),700);
INSERT INTO FIN_Titulo_Rec VALUES ('TR011','NS005','3',700,TO_DATE('20260616','YYYYMMDD'),700);


--> 16. BAIXAS DE RECEBIMENTO
INSERT INTO FIN_Baixa VALUES ('BX010',NULL,'TR003',TO_DATE('20260407','YYYYMMDD'),950,'RC','Recebimento à vista');
INSERT INTO FIN_Baixa VALUES ('BX011',NULL,'TR001',TO_DATE('20260406','YYYYMMDD'),900,'RC','1ª parcela recebida');
